date,company,news_count,pos_count,neg_count,raw_score,public_opinion_index
2026-04-01,中信建投证券,1,1,0,0.9998999999999999,99.99
2026-04-01,国家开发银行,1,1,0,0.9998999999999999,99.99
2026-04-01,天津文仲投资管理有限公司,1,1,0,0.9998999999999999,99.99
2026-04-01,天津海河曜仲股权投资合伙企业有,1,1,0,0.9998999999999999,99.99
2026-04-01,天津海河曜仲股权投资合伙企业有限合伙,1,1,0,0.9998,99.99
2026-04-01,环旭电子,1,1,0,0.9998,99.99
2026-04-01,通富微电,1,1,0,0.9998999999999999,99.99
2026-04-01,DeepSeek,1,1,0,0.9995999999999999,99.98
2026-04-01,MiniMa,2,2,0,0.9995499999999999,99.98
2026-04-01,中船防务,1,1,0,0.9995,99.98
2026-04-01,包钢股份,1,1,0,0.9995,99.98
2026-04-01,北方稀土,1,1,0,0.9995999999999999,99.98
2026-04-01,易点天下,1,1,0,0.9997,99.98
2026-04-01,省广集团,1,1,0,0.9997,99.98
2026-04-01,科德教育,1,1,0,0.9997,99.98
2026-04-01,MiniMax,2,2,0,0.9993500000000001,99.97
2026-04-01,OpenAI,1,1,0,0.9994,99.97
2026-04-01,引力传媒,1,1,0,0.9994,99.97
2026-04-01,千问,1,1,0,0.9992,99.96
2026-04-01,博瑞传播蓝色光标,1,1,0,0.9992,99.96
2026-04-01,泓博医药,1,1,0,0.9991,99.96
2026-04-01,交运股份,1,1,0,0.9989,99.94
2026-04-01,润达医疗,1,1,0,0.9987999999999999,99.94
2026-04-01,蚂蚁阿福,2,2,0,0.9987999999999999,99.94
2026-04-01,嘉和美康,1,1,0,0.9986,99.93
2026-04-01,阿里,1,1,0,0.9986,99.93
2026-04-01,美年健康,1,1,0,0.9984999999999999,99.92
2026-04-01,国科军工,2,2,0,0.99825,99.91
2026-04-01,久事集团,1,1,0,0.9978,99.89
2026-04-01,力拓,2,2,0,0.99785,99.89
2026-04-01,嘉能可,2,2,0,0.9975499999999999,99.88
2026-04-01,Meta,1,1,0,0.9959,99.8
2026-04-01,金力永磁,1,1,0,0.9958,99.79
2026-04-01,Manus,1,1,0,0.9956999999999999,99.78
2026-04-01,嘉兴金磁股权投资合伙企业有限合伙,1,1,0,0.9952,99.76
2026-04-01,北方,2,2,0,0.99465,99.73
2026-04-01,力拓集团,1,1,0,0.9944,99.72
2026-04-01,海优新材,1,1,0,0.993,99.65
2026-04-01,东方财富证券,2,2,0,0.9924000000000001,99.62
2026-04-01,内蒙华电,1,1,0,0.9923000000000001,99.62
2026-04-01,北方多伦7,1,1,0,0.9911,99.56
2026-04-01,山大电力,1,1,0,0.9884999999999999,99.42
2026-04-01,北方多伦新能源有限责任公司,1,1,0,0.9882,99.41
2026-04-01,山东发展新能源有限公司,1,1,0,0.9849,99.24
2026-04-01,北方上都正蓝旗新能源有限责任公司,1,1,0,0.9804,99.02
2026-04-01,北方联合电力有限责任公司,1,1,0,0.9747,98.74
2026-04-01,嘉兴金磁,2,2,0,0.94095,97.05
2026-04-01,绿地控股,1,1,0,0.9239,96.2
2026-04-01,东方财富,3,3,0,0.8394666666666666,91.97
2026-04-01,新疆能源集团有限责任公司,1,1,0,0.8334999999999999,91.68
2026-04-01,金风科技,1,1,0,0.8314,91.57
2026-04-01,广期所,1,1,0,0.6296,81.48
2026-04-01,天普股份,2,0,2,-0.99,0.5
2026-04-01,宁波市天普橡胶科技股份有限公司,1,0,1,-0.99,0.5
2026-01-09,GPUASIC,1,1,0,1.0,100.0
2026-01-09,MNC,4,4,0,1.0,100.0
2026-01-09,Qwen,1,1,0,1.0,100.0
2026-01-09,is,1,1,0,1.0,100.0
2026-01-09,万达地产环球有限公司,1,1,0,1.0,100.0
2026-01-09,东方证券研究所,6,6,0,0.9999333333333332,100.0
2026-01-09,中信建投证券非银及金融科技,1,1,0,1.0,100.0
2026-01-09,中国银河,1,1,0,1.0,100.0
2026-01-09,中石化,1,1,0,1.0,100.0
2026-01-09,中航油,2,2,0,0.9999499999999999,100.0
2026-01-09,创业慧康,1,1,0,1.0,100.0
2026-01-09,利欧数字,2,2,0,0.9999,100.0
2026-01-09,前海开源基金,1,1,0,1.0,100.0
2026-01-09,华泰医药,2,2,0,1.0,100.0
2026-01-09,华鑫证券,4,4,0,0.99995,100.0
2026-01-09,华龙证券,1,1,0,1.0,100.0
2026-01-09,国信证券,1,1,0,1.0,100.0
2026-01-09,国泰基金量化投资部,1,1,0,1.0,100.0
2026-01-09,大钲资本,1,1,0,1.0,100.0
2026-01-09,字节阿里,1,1,0,1.0,100.0
2026-01-09,广发基金国际业务部,1,1,0,1.0,100.0
2026-01-09,康德顾问,1,1,0,1.0,100.0
2026-01-09,开源证券北交所研究中心,1,1,0,1.0,100.0
2026-01-09,德勤中国资本市场服务部,1,1,0,1.0,100.0
2026-01-09,恒瑞医药,1,1,0,1.0,100.0
2026-01-09,携程,1,1,0,1.0,100.0
2026-01-09,智谱Minimax,2,2,0,0.9999499999999999,100.0
2026-01-09,智谱华章,1,1,0,1.0,100.0
2026-01-09,毕马威中国香港资本市场组,1,1,0,1.0,100.0
2026-01-09,渣打银行,4,4,0,0.999975,100.0
2026-01-09,渣打银行财富方案部,2,2,0,0.9999499999999999,100.0
2026-01-09,环球律师事务所,1,1,0,1.0,100.0
2026-01-09,瑞银,5,5,0,0.9999399999999999,100.0
2026-01-09,瑞银中国,1,1,0,1.0,100.0
2026-01-09,瑞银证券,3,3,0,1.0,100.0
2026-01-09,瑞银证券全球投资银行部,2,2,0,0.9999,100.0
2026-01-09,瑞银集团中国,1,1,0,1.0,100.0
2026-01-09,稀宇科技MiniM,1,1,0,1.0,100.0
2026-01-09,美团,1,1,0,1.0,100.0
2026-01-09,美国OpenAIGoogleAnthropic,1,1,0,1.0,100.0
2026-01-09,通义大模型,1,1,0,1.0,100.0
2026-01-09,钱塘智造,1,1,0,1.0,100.0
2026-01-09,CreditSights,2,2,0,0.9998,99.99
2026-01-09,ETF,1,1,0,0.9998999999999999,99.99
2026-01-09,IDG,1,1,0,0.9998,99.99
2026-01-09,MiniMax稀宇科技,1,1,0,0.9998999999999999,99.99
2026-01-09,OpenA,1,1,0,0.9998999999999999,99.99
2026-01-09,万达商业地产香港有限公司,1,1,0,0.9998999999999999,99.99
2026-01-09,万达商管子公司,1,1,0,0.9998999999999999,99.99
2026-01-09,上海临港,1,1,0,0.9998999999999999,99.99
2026-01-09,上海国盛集团,1,1,0,0.9998,99.99
2026-01-09,上海国际资管,1,1,0,0.9998,99.99
2026-01-09,东莞证券,1,1,0,0.9998,99.99
2026-01-09,中信建投证券,1,1,0,0.9998999999999999,99.99
2026-01-09,中信证券永赢基金竹润投资,1,1,0,0.9998999999999999,99.99
2026-01-09,中科信息,1,1,0,0.9998999999999999,99.99
2026-01-09,五新隧装,1,1,0,0.9998,99.99
2026-01-09,交银,1,1,0,0.9998,99.99
2026-01-09,信科,1,1,0,0.9998999999999999,99.99
2026-01-09,光大证券,2,2,0,0.99985,99.99
2026-01-09,创业惠康,1,1,0,0.9998999999999999,99.99
2026-01-09,利元亨,1,1,0,0.9998,99.99
2026-01-09,券商北交所,1,1,0,0.9998,99.99
2026-01-09,前海开源,2,2,0,0.9998,99.99
2026-01-09,北京排排网保险代理有限公司,1,1,0,0.9998999999999999,99.99
2026-01-09,北京智谱华章科技股份有限公司,1,1,0,0.9998999999999999,99.99
2026-01-09,北京月之暗面科技有限公司,1,1,0,0.9998999999999999,99.99
2026-01-09,华盛锂电,1,1,0,0.9998,99.99
2026-01-09,启航创投,1,1,0,0.9998,99.99
2026-01-09,嘉实,1,1,0,0.9998999999999999,99.99
2026-01-09,国方创新国和投资,1,1,0,0.9998,99.99
2026-01-09,国泰海通,1,1,0,0.9998,99.99
2026-01-09,国鑫创投,1,1,0,0.9998,99.99
2026-01-09,壁仞,3,3,0,0.9997666666666666,99.99
2026-01-09,天兵科技,1,1,0,0.9998,99.99
2026-01-09,天职国际金融业咨询,1,1,0,0.9998,99.99
2026-01-09,太阳纸业,1,1,0,0.9998999999999999,99.99
2026-01-09,孚腾,1,1,0,0.9998999999999999,99.99
2026-01-09,宁德时代,1,1,0,0.9998999999999999,99.99
2026-01-09,宇航,2,2,0,0.9998999999999999,99.99
2026-01-09,山东发展新能源有限公司,1,1,0,0.9998999999999999,99.99
2026-01-09,山大电力,1,1,0,0.9998999999999999,99.99
2026-01-09,工商银行太原分行,1,1,0,0.9998,99.99
2026-01-09,广发,2,2,0,0.9998,99.99
2026-01-09,开源证券,3,3,0,0.9998999999999999,99.99
2026-01-09,必和必拓,2,2,0,0.9998,99.99
2026-01-09,招商证券,1,1,0,0.9998,99.99
2026-01-09,昆仑芯北京科技有限公司,1,1,0,0.9998999999999999,99.99
2026-01-09,易方达,1,1,0,0.9998999999999999,99.99
2026-01-09,星环,1,1,0,0.9998,99.99
2026-01-09,星际荣耀,1,1,0,0.9998,99.99
2026-01-09,智谱AI,1,1,0,0.9998,99.99
2026-01-09,智谱MiniMax,2,2,0,0.99975,99.99
2026-01-09,汇添富,1,1,0,0.9998999999999999,99.99
2026-01-09,汇添富基金指数与量化投资部,1,1,0,0.9998,99.99
2026-01-09,浦东创投,6,6,0,0.99975,99.99
2026-01-09,浦东创投集团,1,1,0,0.9998,99.99
2026-01-09,浦发集团,1,1,0,0.9998999999999999,99.99
2026-01-09,浦发集团浦东创投,1,1,0,0.9998999999999999,99.99
2026-01-09,润泽,1,1,0,0.9998999999999999,99.99
2026-01-09,深圳市双玺科创产业发展有限公司,1,1,0,0.9998999999999999,99.99
2026-01-09,瑞芯微,1,1,0,0.9998999999999999,99.99
2026-01-09,百润,1,1,0,0.9998999999999999,99.99
2026-01-09,皇台酒业,1,1,0,0.9998999999999999,99.99
2026-01-09,皓元医药,2,2,0,0.9998999999999999,99.99
2026-01-09,神开股份,1,1,0,0.9998,99.99
2026-01-09,祥生医疗,1,1,0,0.9998999999999999,99.99
2026-01-09,稀宇科技,1,1,0,0.9998999999999999,99.99
2026-01-09,紫金天风,1,1,0,0.9998999999999999,99.99
2026-01-09,红杉中国,2,2,0,0.9998,99.99
2026-01-09,网易,1,1,0,0.9998999999999999,99.99
2026-01-09,美的集团,1,1,0,0.9998999999999999,99.99
2026-01-09,美迪西,1,1,0,0.9998999999999999,99.99
2026-01-09,视觉中国,1,1,0,0.9998,99.99
2026-01-09,谷歌,3,3,0,0.9998333333333332,99.99
2026-01-09,谷歌GeminiA,1,1,0,0.9998999999999999,99.99
2026-01-09,贵州茅台,2,2,0,0.9998499999999999,99.99
2026-01-09,迈威,1,1,0,0.9998999999999999,99.99
2026-01-09,长城基金国际业务部,1,1,0,0.9998999999999999,99.99
2026-01-09,长江证券传媒,1,1,0,0.9998999999999999,99.99
2026-01-09,阿里腾讯,1,1,0,0.9998,99.99
2026-01-09,青岛华芯锚点投资中心有限合伙,1,1,0,0.9998,99.99
2026-01-09,香港证券ETF,1,1,0,0.9998999999999999,99.99
2026-01-09,高华科技,1,1,0,0.9998,99.99
2026-01-09,鹏华基金指数与量化投资部,1,1,0,0.9998999999999999,99.99
2026-01-09,58安居客研究院,1,1,0,0.9997,99.98
2026-01-09,ADP,1,1,0,0.9995999999999999,99.98
2026-01-09,AnthropicxAI,1,1,0,0.9997,99.98
2026-01-09,BD,12,12,0,0.999625,99.98
2026-01-09,WIND,2,2,0,0.9996,99.98
2026-01-09,We,1,1,0,0.9997,99.98
2026-01-09,上海圆弘置业管理有限公司,1,1,0,0.9995999999999999,99.98
2026-01-09,上海燧原科技股份有限公司,1,1,0,0.9995999999999999,99.98
2026-01-09,东方钽业安泰科技,1,1,0,0.9997,99.98
2026-01-09,中信建投,7,7,0,0.9995142857142857,99.98
2026-01-09,中国光大银行股份有限公司烟台莱州支行,1,1,0,0.9997,99.98
2026-01-09,中国平安人寿,1,1,0,0.9997,99.98
2026-01-09,中国稀土,1,1,0,0.9997,99.98
2026-01-09,中科创星科技投资有限公司,1,1,0,0.9997,99.98
2026-01-09,中金公司研究部,1,1,0,0.9995,99.98
2026-01-09,中银证券,1,1,0,0.9997,99.98
2026-01-09,五矿证券,1,1,0,0.9997,99.98
2026-01-09,亚信安全,1,1,0,0.9995,99.98
2026-01-09,众诚,1,1,0,0.9997,99.98
2026-01-09,传化智联股份有限公司,1,1,0,0.9995999999999999,99.98
2026-01-09,兴业银锡,1,1,0,0.9997,99.98
2026-01-09,力拓嘉能可,1,1,0,0.9995,99.98
2026-01-09,北交所公司,4,4,0,0.999625,99.98
2026-01-09,北京南山投资,1,1,0,0.9995999999999999,99.98
2026-01-09,北京海致科技集团股份有限公司,1,1,0,0.9995,99.98
2026-01-09,卫宁,2,2,0,0.9996499999999999,99.98
2026-01-09,君联资本,2,2,0,0.9995499999999999,99.98
2026-01-09,商业航天基,1,1,0,0.9995999999999999,99.98
2026-01-09,国泰基金,1,1,0,0.9995,99.98
2026-01-09,国泰基金兴业证券,1,1,0,0.9995,99.98
2026-01-09,国泰海通证券,1,1,0,0.9995999999999999,99.98
2026-01-09,国盛证券,1,1,0,0.9997,99.98
2026-01-09,国科军工,3,3,0,0.9995333333333334,99.98
2026-01-09,圆通有限,1,1,0,0.9995,99.98
2026-01-09,天赐材料珠海光库科技股份有限公司,1,1,0,0.9995,99.98
2026-01-09,富国基金量化投资部,1,1,0,0.9995,99.98
2026-01-09,富士达,1,1,0,0.9995999999999999,99.98
2026-01-09,工银香,1,1,0,0.9997,99.98
2026-01-09,弘宇股份,1,1,0,0.9995999999999999,99.98
2026-01-09,德赛西威,2,2,0,0.9996499999999999,99.98
2026-01-09,摩尔沐曦,1,1,0,0.9995,99.98
2026-01-09,摩根大通市场,1,1,0,0.9995,99.98
2026-01-09,智元机器人,1,1,0,0.9997,99.98
2026-01-09,智谱,16,16,0,0.9996937499999999,99.98
2026-01-09,正泰电器,1,1,0,0.9995999999999999,99.98
2026-01-09,永和,1,1,0,0.9997,99.98
2026-01-09,江顺科技,1,1,0,0.9997,99.98
2026-01-09,沐曦股份壁仞科技天数智芯,1,1,0,0.9995,99.98
2026-01-09,沐曦股份壁仞科技燧原科技天数智芯,1,1,0,0.9997,99.98
2026-01-09,泰胜风能,1,1,0,0.9995999999999999,99.98
2026-01-09,浙商证券,2,2,0,0.99955,99.98
2026-01-09,海伦哲,1,1,0,0.9995999999999999,99.98
2026-01-09,港交所,10,10,0,0.9997,99.98
2026-01-09,滴普科技股份有限公司,1,1,0,0.9995999999999999,99.98
2026-01-09,漱玉平民润达医疗,1,1,0,0.9997,99.98
2026-01-09,珠海金智维人工智能股份有限公司,1,1,0,0.9997,99.98
2026-01-09,精工钢构,1,1,0,0.9995,99.98
2026-01-09,美年,1,1,0,0.9997,99.98
2026-01-09,聚辰股份,3,3,0,0.9996666666666667,99.98
2026-01-09,腾讯,2,2,0,0.9995499999999999,99.98
2026-01-09,英矽智能03696.HK,1,1,0,0.9997,99.98
2026-01-09,观想,1,1,0,0.9995999999999999,99.98
2026-01-09,超威半导体,1,1,0,0.9997,99.98
2026-01-09,银河证券,3,3,0,0.9996,99.98
2026-01-09,FigureAIAgilityRobotics特斯拉,1,1,0,0.9994,99.97
2026-01-09,MiniMax,21,21,0,0.9994190476190477,99.97
2026-01-09,NS美元,2,2,0,0.99935,99.97
2026-01-09,PitchBook,1,1,0,0.9994,99.97
2026-01-09,上海国投,2,2,0,0.99935,99.97
2026-01-09,上海国际集团,2,2,0,0.9994,99.97
2026-01-09,东方证券,14,14,0,0.9993285714285715,99.97
2026-01-09,中科创星,4,4,0,0.9994000000000001,99.97
2026-01-09,中邮证券,3,3,0,0.9994666666666667,99.97
2026-01-09,光威复材,10,10,0,0.9993500000000001,99.97
2026-01-09,利尔化学股份有限公司,1,1,0,0.9994,99.97
2026-01-09,利欧股份,10,10,0,0.99939,99.97
2026-01-09,北交,23,23,0,0.9993652173913042,99.97
2026-01-09,华大基因,1,1,0,0.9994,99.97
2026-01-09,华福证券,1,1,0,0.9994,99.97
2026-01-09,国投,4,4,0,0.99935,99.97
2026-01-09,德生科技,1,1,0,0.9994,99.97
2026-01-09,泸州老窖,1,1,0,0.9994,99.97
2026-01-09,深圳市中科蓝讯科技股份有限公司,1,1,0,0.9994,99.97
2026-01-09,美团腾讯控股,1,1,0,0.9994,99.97
2026-01-09,"美国AirNexisTherapeutics,Inc.简称AirNexis",1,1,0,0.9994,99.97
2026-01-09,赛力斯,1,1,0,0.9994,99.97
2026-01-09,道通科技,2,2,0,0.99935,99.97
2026-01-09,重庆银行,1,1,0,0.9994,99.97
2026-01-09,首开,1,1,0,0.9994,99.97
2026-01-09,GlobalMarketInsights,1,1,0,0.9992,99.96
2026-01-09,QuestMobile,1,1,0,0.9993000000000001,99.96
2026-01-09,上交所,1,1,0,0.9993000000000001,99.96
2026-01-09,上海天数智芯半导体股份有限公司,1,1,0,0.9991,99.96
2026-01-09,东方富海,1,1,0,0.9993000000000001,99.96
2026-01-09,东方希望大全能源新特能源亚洲硅业青海丽豪,1,1,0,0.9993000000000001,99.96
2026-01-09,东珠生态,1,1,0,0.9991,99.96
2026-01-09,中国化学,1,1,0,0.9993000000000001,99.96
2026-01-09,中欧信息科技,1,1,0,0.9991,99.96
2026-01-09,中科宇航,3,3,0,0.9992333333333333,99.96
2026-01-09,中科蓝讯,2,2,0,0.99925,99.96
2026-01-09,中科蓝讯惠而浦中国股份有限公司,1,1,0,0.9991,99.96
2026-01-09,中钨高新,1,1,0,0.9993000000000001,99.96
2026-01-09,亦庄产业基金,1,1,0,0.9991,99.96
2026-01-09,北京康辰药业股份有限公司,1,1,0,0.9991,99.96
2026-01-09,华为,2,2,0,0.9991999999999999,99.96
2026-01-09,吉林泉阳泉股份有限公司,1,1,0,0.9992,99.96
2026-01-09,国海证券,3,3,0,0.9992333333333333,99.96
2026-01-09,天基,1,1,0,0.9993000000000001,99.96
2026-01-09,天龙集团,2,2,0,0.99915,99.96
2026-01-09,富时A50,1,1,0,0.9993000000000001,99.96
2026-01-09,广州天赐高新材料股份有限公司,1,1,0,0.9991,99.96
2026-01-09,慧辰股份,1,1,0,0.9992,99.96
2026-01-09,掌趣科技,1,1,0,0.9991,99.96
2026-01-09,方证券,12,12,0,0.9993,99.96
2026-01-09,昆明川金诺化工股份有限公司,1,1,0,0.9991,99.96
2026-01-09,智己,1,1,0,0.9991,99.96
2026-01-09,正川股份,1,1,0,0.9993000000000001,99.96
2026-01-09,正邦科技002157.SZ1,1,1,0,0.9991,99.96
2026-01-09,泰康福安,1,1,0,0.9991,99.96
2026-01-09,润达医疗,3,3,0,0.9992333333333333,99.96
2026-01-09,深圳创富兆业,1,1,0,0.9993000000000001,99.96
2026-01-09,环旭,1,1,0,0.9991,99.96
2026-01-09,环旭电子,1,1,0,0.9991,99.96
2026-01-09,箭元科技,5,5,0,0.99914,99.96
2026-01-09,英矽智能,4,4,0,0.99915,99.96
2026-01-09,融达期货,1,1,0,0.9991,99.96
2026-01-09,财通基金,1,1,0,0.9993000000000001,99.96
2026-01-09,路透,1,1,0,0.9991,99.96
2026-01-09,通亦和,1,1,0,0.9991,99.96
2026-01-09,陕西巨丰投资资讯有限责任公司,1,1,0,0.9992,99.96
2026-01-09,高毅资产,1,1,0,0.9993000000000001,99.96
2026-01-09,高瓴资本,1,1,0,0.9992,99.96
2026-01-09,MiniMa,11,11,0,0.9990818181818182,99.95
2026-01-09,一汽红旗,1,1,0,0.9990000000000001,99.95
2026-01-09,万佳高科,2,2,0,0.9990000000000001,99.95
2026-01-09,亨特兄弟,1,1,0,0.9990000000000001,99.95
2026-01-09,京东,3,3,0,0.9990333333333332,99.95
2026-01-09,众擎机,2,2,0,0.99895,99.95
2026-01-09,光库科技,3,3,0,0.9990333333333333,99.95
2026-01-09,北交所,26,26,0,0.9989692307692307,99.95
2026-01-09,宝盈,2,2,0,0.99895,99.95
2026-01-09,海图科技,10,10,0,0.9989699999999999,99.95
2026-01-09,紫金矿业,1,1,0,0.9990000000000001,99.95
2026-01-09,腾讯觅影,1,1,0,0.9990000000000001,99.95
2026-01-09,蓝色光标,3,3,0,0.9990666666666667,99.95
2026-01-09,蚂蚁阿福,13,13,0,0.9989461538461538,99.95
2026-01-09,蚂蚁集团,6,6,0,0.9989166666666667,99.95
2026-01-09,迈瑞医疗,1,1,0,0.9990000000000001,99.95
2026-01-09,金域医学,1,1,0,0.9990000000000001,99.95
2026-01-09,飞沃,1,1,0,0.9990000000000001,99.95
2026-01-09,DAMOPANDA,1,1,0,0.9989,99.94
2026-01-09,GrandViewResearch,3,3,0,0.9987,99.94
2026-01-09,Kimi,2,2,0,0.99885,99.94
2026-01-09,东兴证券银行,2,2,0,0.9988,99.94
2026-01-09,东风日产,1,1,0,0.9989,99.94
2026-01-09,交易所,1,1,0,0.9987,99.94
2026-01-09,京东AI京医,1,1,0,0.9987999999999999,99.94
2026-01-09,今日资本,1,1,0,0.9989,99.94
2026-01-09,众擎机器人,2,2,0,0.9987999999999999,99.94
2026-01-09,农银,1,1,0,0.9989,99.94
2026-01-09,凯睿,1,1,0,0.9989,99.94
2026-01-09,凯睿星通,1,1,0,0.9987,99.94
2026-01-09,北汽新能源,1,1,0,0.9987999999999999,99.94
2026-01-09,华泰证券,7,7,0,0.9987285714285713,99.94
2026-01-09,宇树科技,2,2,0,0.99875,99.94
2026-01-09,微软MAI-DxO,1,1,0,0.9989,99.94
2026-01-09,思科,1,1,0,0.9989,99.94
2026-01-09,惠而浦,3,3,0,0.9988,99.94
2026-01-09,智元FigureAI,1,1,0,0.9987999999999999,99.94
2026-01-09,智元优必选,1,1,0,0.9987999999999999,99.94
2026-01-09,智明达,1,1,0,0.9989,99.94
2026-01-09,极氪,1,1,0,0.9987,99.94
2026-01-09,标普全球SPGl,1,1,0,0.9989,99.94
2026-01-09,永赢基金权益投资部,1,1,0,0.9989,99.94
2026-01-09,海通国际证券,1,1,0,0.9989,99.94
2026-01-09,湘财证券,2,2,0,0.99885,99.94
2026-01-09,澜起科技,1,1,0,0.9989,99.94
2026-01-09,益方生物,3,3,0,0.9988666666666667,99.94
2026-01-09,科图投资,1,1,0,0.9987,99.94
2026-01-09,科达自控,10,10,0,0.99874,99.94
2026-01-09,苏商银行,1,1,0,0.9987,99.94
2026-01-09,英伟达Clara,1,1,0,0.9987,99.94
2026-01-09,苹果,1,1,0,0.9989,99.94
2026-01-09,谷歌MedGemma,1,1,0,0.9987999999999999,99.94
2026-01-09,超聚变数字技术股份有限公司,1,1,0,0.9987999999999999,99.94
2026-01-09,路透社,2,2,0,0.9986999999999999,99.94
2026-01-09,迪安诊断,1,1,0,0.9989,99.94
2026-01-09,通富微电,1,1,0,0.9987,99.94
2026-01-09,郑州银行,1,1,0,0.9987999999999999,99.94
2026-01-09,金新农,1,1,0,0.9987,99.94
2026-01-09,首开股份,1,1,0,0.9989,99.94
2026-01-09,首都在线,1,1,0,0.9987999999999999,99.94
2026-01-09,AI医生,1,1,0,0.9986,99.93
2026-01-09,万达商管,3,3,0,0.9985666666666666,99.93
2026-01-09,东方明珠,1,1,0,0.9986,99.93
2026-01-09,中航成飞,1,1,0,0.9986,99.93
2026-01-09,中银,1,1,0,0.9986,99.93
2026-01-09,安必平,2,2,0,0.99855,99.93
2026-01-09,燧原科技,8,8,0,0.99865,99.93
2026-01-09,百度,2,2,0,0.99865,99.93
2026-01-09,航天动力中天火箭,1,1,0,0.9986,99.93
2026-01-09,英伟达,1,1,0,0.9986,99.93
2026-01-09,ChatGPTHealth,3,3,0,0.9984666666666667,99.92
2026-01-09,Spac,4,4,0,0.998475,99.92
2026-01-09,东方红,1,1,0,0.9984000000000001,99.92
2026-01-09,中信海直,1,1,0,0.9984000000000001,99.92
2026-01-09,久事集团,1,1,0,0.9983,99.92
2026-01-09,交银穗,1,1,0,0.9984999999999999,99.92
2026-01-09,信维通信,1,1,0,0.9984000000000001,99.92
2026-01-09,全志科技,1,1,0,0.9984000000000001,99.92
2026-01-09,南方,1,1,0,0.9984000000000001,99.92
2026-01-09,南方基金,1,1,0,0.9984000000000001,99.92
2026-01-09,嘉和美康,2,2,0,0.9984500000000001,99.92
2026-01-09,天弘,1,1,0,0.9984000000000001,99.92
2026-01-09,天津文仲投资管理有限公司,1,1,0,0.9983,99.92
2026-01-09,天津海河曜仲股权投资合伙企业有,1,1,0,0.9983,99.92
2026-01-09,天津海河曜仲股权投资合伙企业有限合伙,1,1,0,0.9984000000000001,99.92
2026-01-09,奕派科技,1,1,0,0.9983,99.92
2026-01-09,广发基金,1,1,0,0.9984000000000001,99.92
2026-01-09,招商蛇口,1,1,0,0.9983,99.92
2026-01-09,晶泰控股,1,1,0,0.9983,99.92
2026-01-09,汇丰晋信,1,1,0,0.9984000000000001,99.92
2026-01-09,汉得信息,1,1,0,0.9984000000000001,99.92
2026-01-09,沃尔沃亚太,2,2,0,0.9983000000000001,99.92
2026-01-09,海航控股,1,1,0,0.9984999999999999,99.92
2026-01-09,特斯拉优必选,1,1,0,0.9984999999999999,99.92
2026-01-09,航天宏图,1,1,0,0.9984999999999999,99.92
2026-01-09,蛟龙集团,2,2,0,0.99845,99.92
2026-01-09,鹏辉能源,3,3,0,0.9983333333333334,99.92
2026-01-09,龙源电力,1,1,0,0.9984999999999999,99.92
2026-01-09,Choice,6,6,0,0.9981499999999999,99.91
2026-01-09,i茅台,8,8,0,0.99825,99.91
2026-01-09,一汽奔腾,2,2,0,0.99825,99.91
2026-01-09,兆芯集成,1,1,0,0.9982,99.91
2026-01-09,北京五一视界数字孪生科技股份有限公司,1,1,0,0.9982,99.91
2026-01-09,国金证券,3,3,0,0.9982666666666667,99.91
2026-01-09,彭博,2,2,0,0.9981500000000001,99.91
2026-01-09,极狐岚图,1,1,0,0.9982,99.91
2026-01-09,益方,3,3,0,0.9982666666666665,99.91
2026-01-09,迈赫,1,1,0,0.9982,99.91
2026-01-09,FunGameHKLimited,1,1,0,0.9979,99.9
2026-01-09,Meta,2,2,0,0.99805,99.9
2026-01-09,SpaceX,11,11,0,0.9979454545454545,99.9
2026-01-09,东方财富中国平安,2,2,0,0.998,99.9
2026-01-09,中国卫通,2,2,0,0.9981,99.9
2026-01-09,光启,1,1,0,0.9979,99.9
2026-01-09,吉祥航空,1,1,0,0.9979,99.9
2026-01-09,圆通速递,1,1,0,0.9981,99.9
2026-01-09,安泰科,2,2,0,0.9981,99.9
2026-01-09,摩尔线程,4,4,0,0.9980249999999999,99.9
2026-01-09,新加坡主权财富基金GIC,1,1,0,0.9979,99.9
2026-01-09,方正证券,2,2,0,0.99805,99.9
2026-01-09,星通信息科技南京股份有限公司,1,1,0,0.998,99.9
2026-01-09,永赢,1,1,0,0.998,99.9
2026-01-09,讯飞医疗科技,1,1,0,0.9981,99.9
2026-01-09,上海圆通蛟龙投资发展集团有限公司,1,1,0,0.9978,99.89
2026-01-09,中原前海股权投资基金有限合伙,1,1,0,0.9978,99.89
2026-01-09,兴业证券,3,3,0,0.9978333333333333,99.89
2026-01-09,华测,1,1,0,0.9978,99.89
2026-01-09,星河动力,4,4,0,0.9977499999999999,99.89
2026-01-09,江航,1,1,0,0.9978,99.89
2026-01-09,领途,1,1,0,0.9978,99.89
2026-01-09,丹麦Gomspace公司,1,1,0,0.9975,99.88
2026-01-09,北方稀土,6,6,0,0.9976166666666666,99.88
2026-01-09,和辉光电,1,1,0,0.9975,99.88
2026-01-09,四方股份,1,1,0,0.9976999999999999,99.88
2026-01-09,富时罗素,1,1,0,0.9976999999999999,99.88
2026-01-09,泓博医药,2,2,0,0.9975499999999999,99.88
2026-01-09,深蓝汽车,1,1,0,0.9975,99.88
2026-01-09,申洲国际,1,1,0,0.9976,99.88
2026-01-09,雪佛龙埃克森美孚康菲石油,1,1,0,0.9976999999999999,99.88
2026-01-09,亚联发展,6,6,0,0.9973833333333334,99.87
2026-01-09,力拓集团,2,2,0,0.99735,99.87
2026-01-09,博瑞传播,4,4,0,0.9974500000000001,99.87
2026-01-09,弘康人寿保险股份有限公司,1,1,0,0.9974,99.87
2026-01-09,上海集成电路,1,1,0,0.9972,99.86
2026-01-09,中国证券投资者保护基金有限责任公司,1,1,0,0.9972,99.86
2026-01-09,信义光能,1,1,0,0.9972,99.86
2026-01-09,凯投宏观CapitalEconomics,1,1,0,0.9973000000000001,99.86
2026-01-09,北京汽车制造厂,1,1,0,0.9971,99.86
2026-01-09,华大智造,2,2,0,0.99715,99.86
2026-01-09,常德万达置业有限公司,1,1,0,0.9973000000000001,99.86
2026-01-09,康师傅控股,1,1,0,0.9973000000000001,99.86
2026-01-09,弘则,1,1,0,0.9971,99.86
2026-01-09,新美联储通讯社,1,1,0,0.9971,99.86
2026-01-09,杭钢,1,1,0,0.9971,99.86
2026-01-09,极星,1,1,0,0.9972,99.86
2026-01-09,泓博,1,1,0,0.9971,99.86
2026-01-09,璞泰来,1,1,0,0.9973000000000001,99.86
2026-01-09,蓝色起源,1,1,0,0.9972,99.86
2026-01-09,上海集成电路产业投资基金股份有限公司,1,1,0,0.997,99.85
2026-01-09,北京光和谦成科技有限责任公司,4,4,0,0.99695,99.85
2026-01-09,山东黎鸣股权投资有限公司,1,1,0,0.997,99.85
2026-01-09,阿里巴巴,4,4,0,0.9969250000000001,99.85
2026-01-09,歌尔股份,1,1,0,0.9967,99.84
2026-01-09,金钼,1,1,0,0.9969,99.84
2026-01-09,中金,5,5,0,0.9966799999999999,99.83
2026-01-09,九丰能源,1,1,0,0.9965999999999999,99.83
2026-01-09,集成电路基金,1,1,0,0.9965999999999999,99.83
2026-01-09,上海瀚讯,2,2,0,0.9963,99.82
2026-01-09,中国建筑,1,1,0,0.9964,99.82
2026-01-09,振江,1,1,0,0.9965,99.82
2026-01-09,特锐德,2,2,0,0.9964500000000001,99.82
2026-01-09,中国平安人寿保险股份有限公司,1,1,0,0.9962000000000001,99.81
2026-01-09,DeepSeek,3,3,0,0.9961000000000001,99.8
2026-01-09,上海金浦,1,1,0,0.996,99.8
2026-01-09,中国建筑一局集团有限公司,1,1,0,0.9961,99.8
2026-01-09,交运股份,1,1,0,0.9959,99.8
2026-01-09,信科移动,2,2,0,0.9961,99.8
2026-01-09,厦门钨,1,1,0,0.9959,99.8
2026-01-09,泰胜风,1,1,0,0.996,99.8
2026-01-09,海光信息,1,1,0,0.9959,99.8
2026-01-09,茅台集团,2,2,0,0.996,99.8
2026-01-09,易点天下,3,3,0,0.9957333333333334,99.79
2026-01-09,芯朋微,1,1,0,0.9958,99.79
2026-01-09,辉煌科技,2,2,0,0.99585,99.79
2026-01-09,迈为,1,1,0,0.9958,99.79
2026-01-09,万达集团,2,2,0,0.9955,99.78
2026-01-09,包钢股份,6,6,0,0.9955833333333333,99.78
2026-01-09,大连万锐企业管理有限公司大连万达锐驰企业管理有限公司,1,1,0,0.9956999999999999,99.78
2026-01-09,引力传媒,7,7,0,0.9956857142857143,99.78
2026-01-09,铂力特,1,1,0,0.9956999999999999,99.78
2026-01-09,铃木,1,1,0,0.9956999999999999,99.78
2026-01-09,龙湖集团,1,1,0,0.9956999999999999,99.78
2026-01-09,SevensReportResearch,1,1,0,0.9954000000000001,99.77
2026-01-09,包钢,7,7,0,0.9954428571428571,99.77
2026-01-09,东方电子,1,1,0,0.9952,99.76
2026-01-09,东方财富Choice,1,1,0,0.9953,99.76
2026-01-09,中金公司,3,3,0,0.9952,99.76
2026-01-09,四川易冲科技有限公司,1,1,0,0.9953,99.76
2026-01-09,恒生香港,1,1,0,0.9951000000000001,99.76
2026-01-09,齐峰新材,1,1,0,0.9951000000000001,99.76
2026-01-09,RocketCos.Inc.,1,1,0,0.995,99.75
2026-01-09,阿里,5,5,0,0.99504,99.75
2026-01-09,震有科技,2,2,0,0.99495,99.75
2026-01-09,Renaiss,1,1,0,0.9947,99.74
2026-01-09,上海万达小额贷款有限公司,1,1,0,0.9947,99.74
2026-01-09,农生物603363.SH,1,1,0,0.9948999999999999,99.74
2026-01-09,昆仑万维,4,4,0,0.994725,99.74
2026-01-09,武汉天源,1,1,0,0.9948,99.74
2026-01-09,洛凯股份,1,1,0,0.9947,99.74
2026-01-09,北方多伦新能源有限责任公司,1,1,0,0.9945999999999999,99.73
2026-01-09,明阳,1,1,0,0.9945999999999999,99.73
2026-01-09,智元,8,8,0,0.99465,99.73
2026-01-09,福州亿力电器设备有限公司,1,1,0,0.9945999999999999,99.73
2026-01-09,科德教育,1,1,0,0.9945999999999999,99.73
2026-01-09,安必平嘉,1,1,0,0.9945,99.72
2026-01-09,弘讯科技,3,3,0,0.9943333333333332,99.72
2026-01-09,美康华大智造,1,1,0,0.9945,99.72
2026-01-09,蓝箭航天空间科技股份有限公司,2,2,0,0.9944000000000001,99.72
2026-01-09,阿科力,1,1,0,0.9945,99.72
2026-01-09,中船防务,1,1,0,0.9940000000000001,99.7
2026-01-09,内蒙华电,1,1,0,0.9941,99.7
2026-01-09,江瀚资产,2,2,0,0.9941,99.7
2026-01-09,西南证券,2,2,0,0.99405,99.7
2026-01-09,中集,1,1,0,0.9937999999999999,99.69
2026-01-09,大全能源,2,2,0,0.99375,99.69
2026-01-09,平安资产管理有限责任公司,1,1,0,0.9936,99.68
2026-01-09,通达电气,1,1,0,0.9936,99.68
2026-01-09,一重集团,1,1,0,0.9934000000000001,99.67
2026-01-09,联影医疗,1,1,0,0.9934000000000001,99.67
2026-01-09,"LoanDepot,Inc.",1,1,0,0.9931,99.66
2026-01-09,大连万达集团,1,1,0,0.9933,99.66
2026-01-09,摩根大通,3,3,0,0.9932333333333334,99.66
2026-01-09,AirNexis,3,3,0,0.9930333333333333,99.65
2026-01-09,广发期货,1,1,0,0.9929000000000001,99.65
2026-01-09,海南玮峻思投资合伙企业有限合伙,1,1,0,0.993,99.65
2026-01-09,超捷,1,1,0,0.993,99.65
2026-01-09,中国石油化工集团有限公司,1,1,0,0.9926999999999999,99.64
2026-01-09,南大,2,2,0,0.99275,99.64
2026-01-09,引力,1,1,0,0.9926999999999999,99.64
2026-01-09,航天电器,1,1,0,0.9928,99.64
2026-01-09,西部材料,2,2,0,0.9927,99.64
2026-01-09,上海壁仞科技股份有限公司,1,1,0,0.9925,99.63
2026-01-09,中信证券,9,9,0,0.9926777777777779,99.63
2026-01-09,中国太保,1,1,0,0.9926,99.63
2026-01-09,中国民生银行,1,1,0,0.9926,99.63
2026-01-09,华联控股,1,1,0,0.9926,99.63
2026-01-09,比亚迪,9,9,0,0.9924888888888889,99.62
2026-01-09,海思科,3,3,0,0.9924333333333334,99.62
2026-01-09,万达,20,20,0,0.9920500000000001,99.6
2026-01-09,保利发展,1,1,0,0.992,99.6
2026-01-09,内蒙华电6008,1,1,0,0.9921,99.6
2026-01-09,杭可科技,1,1,0,0.992,99.6
2026-01-09,润泽科技,3,3,0,0.9917333333333334,99.59
2026-01-09,中科星图,1,1,0,0.9917,99.58
2026-01-09,亚洲硅业,2,2,0,0.9915499999999999,99.58
2026-01-09,农业银行,7,7,0,0.9915,99.58
2026-01-09,南财投研通,1,1,0,0.9914000000000001,99.57
2026-01-09,德意志银行,1,1,0,0.9914000000000001,99.57
2026-01-09,三孚,2,2,0,0.99115,99.56
2026-01-09,中国航空油料集团有限公司,1,1,0,0.9911,99.56
2026-01-09,中新集团,1,1,0,0.9912000000000001,99.56
2026-01-09,富达基金卡塔尔投资局,1,1,0,0.9912000000000001,99.56
2026-01-09,晶丰明源,1,1,0,0.9912000000000001,99.56
2026-01-09,海南航空,3,3,0,0.9913,99.56
2026-01-09,阿里健康,4,4,0,0.9909,99.54
2026-01-09,伟创电气,1,1,0,0.9906,99.53
2026-01-09,北方公司,1,1,0,0.9902,99.51
2026-01-09,地缘政治和能源咨询公司ForeignReports,1,1,0,0.9902,99.51
2026-01-09,Nagle,2,2,0,0.99005,99.5
2026-01-09,上实发展,1,1,0,0.9901000000000001,99.5
2026-01-09,北方联合电力有限责任公司,1,1,0,0.9899,99.5
2026-01-09,金力永磁,1,1,0,0.9899,99.5
2026-01-09,青海丽豪,1,1,0,0.9901000000000001,99.5
2026-01-09,世纪华通,1,1,0,0.9898,99.49
2026-01-09,巨力索具,1,1,0,0.9898,99.49
2026-01-09,OpenAI,20,20,0,0.989615,99.48
2026-01-09,科创AIETF,1,1,0,0.9895999999999999,99.48
2026-01-09,航天动力,1,1,0,0.9893000000000001,99.46
2026-01-09,吉利,9,9,0,0.9887666666666666,99.44
2026-01-09,景旺电子,2,2,0,0.9886999999999999,99.44
2026-01-09,再升科技,1,1,0,0.9886,99.43
2026-01-09,嘉兴金磁股权投资合伙企业有限合伙,1,1,0,0.9886,99.43
2026-01-09,领中资本,1,1,0,0.9883,99.42
2026-01-09,博云新材,1,1,0,0.9882,99.41
2026-01-09,上汽通用五菱,5,5,0,0.9880599999999999,99.4
2026-01-09,丰倍,1,1,0,0.9879000000000001,99.4
2026-01-09,恺英网络,1,1,0,0.9879000000000001,99.4
2026-01-09,梅花创投,2,2,0,0.9880500000000001,99.4
2026-01-09,长城汽,5,5,0,0.98772,99.39
2026-01-09,长安汽车,6,6,0,0.9877666666666668,99.39
2026-01-09,安汽车,6,6,0,0.98755,99.38
2026-01-09,航天彩虹,1,1,0,0.9876,99.38
2026-01-09,百度集团,2,2,0,0.98745,99.37
2026-01-09,交通银行,1,1,0,0.9873000000000001,99.36
2026-01-09,吉利汽车,7,7,0,0.9871285714285714,99.36
2026-01-09,奇瑞汽车,5,5,0,0.98722,99.36
2026-01-09,奇瑞,6,6,0,0.9870666666666666,99.35
2026-01-09,招商银行,7,7,0,0.9870285714285715,99.35
2026-01-09,好太太,1,1,0,0.9869,99.34
2026-01-09,快意,1,1,0,0.9867,99.34
2026-01-09,盈透证券,1,1,0,0.9869,99.34
2026-01-09,阿布扎比基金MGX,1,1,0,0.9868000000000001,99.34
2026-01-09,新疆戈恩斯,1,1,0,0.9865,99.32
2026-01-09,普天,1,1,0,0.9865,99.32
2026-01-09,民生,2,2,0,0.98645,99.32
2026-01-09,高盛,17,17,0,0.9863764705882353,99.32
2026-01-09,万家基金,3,3,0,0.9861666666666666,99.31
2026-01-09,国机精工,5,5,0,0.98622,99.31
2026-01-09,国机,2,2,0,0.9860499999999999,99.3
2026-01-09,壁仞科技,6,6,0,0.9860333333333333,99.3
2026-01-09,山东省鲁信工融新动能人工,1,1,0,0.986,99.3
2026-01-09,星环科技,1,1,0,0.986,99.3
2026-01-09,科力股份,1,1,0,0.9859,99.3
2026-01-09,华夏,1,1,0,0.9849,99.24
2026-01-09,大河财立方,1,1,0,0.9849,99.24
2026-01-09,洪泰基金,1,1,0,0.9849,99.24
2026-01-09,凯投宏观,3,3,0,0.9845333333333333,99.23
2026-01-09,长城汽车,5,5,0,0.9846199999999999,99.23
2026-01-09,中曼石油,1,1,0,0.9843999999999999,99.22
2026-01-09,省广集团,2,2,0,0.9844999999999999,99.22
2026-01-09,维多能源集团托克集团,1,1,0,0.9845,99.22
2026-01-09,蜀道,1,1,0,0.9837,99.18
2026-01-09,Wind,4,4,0,0.9833749999999999,99.17
2026-01-09,杭萧钢构,3,3,0,0.9832333333333333,99.16
2026-01-09,特斯拉,7,7,0,0.9829142857142857,99.15
2026-01-09,宇树优必选,2,2,0,0.98255,99.13
2026-01-09,通源石油,1,1,0,0.9825,99.12
2026-01-09,天数智芯,3,3,0,0.9822666666666667,99.11
2026-01-09,小鹏汽车,5,5,0,0.98216,99.11
2026-01-09,杰创智能,12,12,0,0.9822333333333333,99.11
2026-01-09,兴业股份,1,1,0,0.982,99.1
2026-01-09,斯瑞新材,4,4,0,0.9819,99.1
2026-01-09,新亚制程,1,1,0,0.982,99.1
2026-01-09,三美股份,1,1,0,0.9818000000000001,99.09
2026-01-09,妙想,9,9,0,0.9817666666666666,99.09
2026-01-09,广汽埃安,3,3,0,0.9818333333333333,99.09
2026-01-09,瑞纳智能,1,1,0,0.9818000000000001,99.09
2026-01-09,嘉信,1,1,0,0.9814,99.07
2026-01-09,瑞华泰国风新材,1,1,0,0.9812000000000001,99.06
2026-01-09,沐曦股份,8,8,0,0.9810375,99.05
2026-01-09,零跑汽车,5,5,0,0.98094,99.05
2026-01-09,国晟科技,1,1,0,0.9806999999999999,99.04
2026-01-09,格尔软件,1,1,0,0.9806999999999999,99.04
2026-01-09,雷普索尔公司,1,1,0,0.9804,99.02
2026-01-09,比亚迪汽车,4,4,0,0.9802,99.01
2026-01-09,东方财富证券,53,53,0,0.9798641509433962,98.99
2026-01-09,乐聚机器人,2,2,0,0.9798,98.99
2026-01-09,蔚来汽车,3,3,0,0.9797666666666666,98.99
2026-01-09,WilsonAssetManagement,1,1,0,0.9793999999999999,98.97
2026-01-09,易实精密,3,3,0,0.9794,98.97
2026-01-09,通宇通讯,3,3,0,0.9793666666666666,98.97
2026-01-09,易冲科技,2,2,0,0.9793000000000001,98.96
2026-01-09,福克斯新闻网,1,1,0,0.9793000000000001,98.96
2026-01-09,零跑汽,5,5,0,0.97922,98.96
2026-01-09,RystadEnergy,1,1,0,0.9786,98.93
2026-01-09,理想汽车,3,3,0,0.9777333333333335,98.89
2026-01-09,广东杰创,4,4,0,0.9774,98.87
2026-01-09,TCL,1,1,0,0.977,98.85
2026-01-09,南玻新能源,1,1,0,0.9765999999999999,98.83
2026-01-09,上汽乘用,3,3,0,0.9754999999999999,98.78
2026-01-09,沐曦,8,8,0,0.9755625,98.78
2026-01-09,通威集团,4,4,0,0.9757,98.78
2026-01-09,比亚迪电子,2,2,0,0.9754,98.77
2026-01-09,特斯拉中国,3,3,0,0.9751666666666666,98.76
2026-01-09,邦德股份,1,1,0,0.975,98.75
2026-01-09,上汽乘,3,3,0,0.9749,98.74
2026-01-09,平安人寿,9,9,0,0.974011111111111,98.7
2026-01-09,鸿蒙智行,2,2,0,0.97245,98.62
2026-01-09,基石资本,1,1,0,0.9719,98.6
2026-01-09,天准,3,3,0,0.9712000000000001,98.56
2026-01-09,卓创,2,2,0,0.9696,98.48
2026-01-09,太力科技,2,2,0,0.9696499999999999,98.48
2026-01-09,可孚医疗,4,4,0,0.969,98.45
2026-01-09,陕国投A,1,1,0,0.9689,98.44
2026-01-09,房地美,8,8,0,0.9683875,98.42
2026-01-09,比亚迪电子美团,1,1,0,0.9684999999999999,98.42
2026-01-09,TDCowen,1,1,0,0.9655,98.28
2026-01-09,AgilityRoboticsApptronik,1,1,0,0.9645,98.22
2026-01-09,南网能创股权投资基金广州合伙企业有限合伙,1,1,0,0.9643999999999999,98.22
2026-01-09,快手,1,1,0,0.9645,98.22
2026-01-09,美联储,9,9,0,0.9639777777777778,98.2
2026-01-09,南网科技,1,1,0,0.9634,98.17
2026-01-09,邮储银行,2,2,0,0.9634,98.17
2026-01-09,SW,1,1,0,0.9623999999999999,98.12
2026-01-09,德科立,1,1,0,0.9621,98.1
2026-01-09,金山,1,1,0,0.9604,98.02
2026-01-09,巨力,2,2,0,0.9601000000000001,98.01
2026-01-09,翔宇医疗,1,1,0,0.9593,97.96
2026-01-09,腾讯音乐,1,1,0,0.9587,97.93
2026-01-09,飞龙股份,1,1,0,0.9586,97.93
2026-01-09,中集环,2,2,0,0.95845,97.92
2026-01-09,嘉能可,11,11,0,0.9570909090909091,97.85
2026-01-09,鼎捷数智3003,1,1,0,0.9556,97.78
2026-01-09,广汽本田,2,2,0,0.9554,97.77
2026-01-09,东风汽车,2,2,0,0.9542999999999999,97.72
2026-01-09,天风证券,5,5,0,0.95444,97.72
2026-01-09,石油,10,10,0,0.95379,97.69
2026-01-09,能源公司,2,2,0,0.95345,97.67
2026-01-09,华秦科技,1,1,0,0.9529000000000001,97.65
2026-01-09,鼎捷数智,1,1,0,0.9523999999999999,97.62
2026-01-09,美国公司,2,2,0,0.95165,97.58
2026-01-09,中际,3,3,0,0.9508333333333333,97.54
2026-01-09,邵阳,2,2,0,0.9502999999999999,97.52
2026-01-09,傅利叶乐聚,1,1,0,0.9497,97.48
2026-01-09,永和智控,2,2,0,0.94945,97.47
2026-01-09,新希望,4,4,0,0.949225,97.46
2026-01-09,浙江荣泰,1,1,0,0.9493,97.46
2026-01-09,伟思医疗,2,2,0,0.9484999999999999,97.42
2026-01-09,信实工业,1,1,0,0.9472,97.36
2026-01-09,键凯科技,1,1,0,0.9465,97.32
2026-01-09,东风本田,2,2,0,0.94535,97.27
2026-01-09,天晟新材,3,3,0,0.9443,97.22
2026-01-09,金风科技,9,9,0,0.9441333333333333,97.21
2026-01-09,航天发展,4,4,0,0.942275,97.11
2026-01-09,中际旭创新易盛,1,1,0,0.9415,97.08
2026-01-09,广东杰创智能科技有限公司,2,2,0,0.9415,97.08
2026-01-09,新疆能源集团有限责任公司,2,2,0,0.94125,97.06
2026-01-09,美年健,2,2,0,0.94095,97.05
2026-01-09,中控技术,1,1,0,0.9404,97.02
2026-01-09,辰欣药业,1,1,0,0.9394,96.97
2026-01-09,宁德时,1,1,0,0.9388,96.94
2026-01-09,深圳燃气,1,1,0,0.9389,96.94
2026-01-09,湖南建工集团有限公司,1,1,0,0.9381999999999999,96.91
2026-01-09,法国兴业银行,1,1,0,0.9376000000000001,96.88
2026-01-09,工业富联,2,2,0,0.9357,96.78
2026-01-09,广汽丰田,2,2,0,0.9356500000000001,96.78
2026-01-09,中钢洛耐,1,1,0,0.9347,96.74
2026-01-09,亚香,1,1,0,0.9315000000000001,96.58
2026-01-09,青岛芯忠臻智能科技合伙企业有限合伙,1,1,0,0.9296,96.48
2026-01-09,神驰,1,1,0,0.9266,96.33
2026-01-09,华南一家,1,1,0,0.9262,96.31
2026-01-09,力拓,15,15,0,0.9241533333333333,96.21
2026-01-09,VC机构,1,1,0,0.924,96.2
2026-01-09,山西证券,1,1,0,0.9239,96.2
2026-01-09,广州期货交易所,1,1,0,0.9224,96.12
2026-01-09,广期所,3,3,0,0.9197666666666665,95.99
2026-01-09,锦华新材,1,1,0,0.9198000000000001,95.99
2026-01-09,杭州箭元航天科技有限公司,1,1,0,0.9188,95.94
2026-01-09,金瑞矿业,1,1,0,0.9174,95.87
2026-01-09,华源证券,1,1,0,0.917,95.85
2026-01-09,美国能源,1,1,0,0.9155,95.78
2026-01-09,平安证券,1,1,0,0.9146,95.73
2026-01-09,华大九天,1,1,0,0.9117000000000001,95.58
2026-01-09,恒通股份,1,1,0,0.9115000000000001,95.58
2026-01-09,传化智联,1,1,0,0.9112,95.56
2026-01-09,海安集团,1,1,0,0.9104000000000001,95.52
2026-01-09,花旗集团,1,1,0,0.91,95.5
2026-01-09,威星智能,1,1,0,0.9073,95.36
2026-01-09,晨光,1,1,0,0.9067000000000001,95.34
2026-01-09,东北证券,3,3,0,0.9064666666666666,95.32
2026-01-09,雷科防务,2,2,0,0.90635,95.32
2026-01-09,中燃科技,1,1,0,0.9052,95.26
2026-01-09,澳银资本,1,1,0,0.9053,95.26
2026-01-09,广联航空,3,3,0,0.9031666666666668,95.16
2026-01-09,中国中铁股份有限公司,1,1,0,0.8996,94.98
2026-01-09,ST,1,1,0,0.8976000000000001,94.88
2026-01-09,长安福特,1,1,0,0.8966,94.83
2026-01-09,富国银行投资研究所,1,1,0,0.8941,94.7
2026-01-09,上海建元,2,2,0,0.89175,94.59
2026-01-09,宏川智慧,1,1,0,0.8908,94.54
2026-01-09,华体科技,1,1,0,0.887,94.35
2026-01-09,CEO,4,4,0,0.8862,94.31
2026-01-09,国家集成电路产业投资基金股份有限公司,1,1,0,0.8858,94.29
2026-01-09,山东省高新技术创业投资有限公司,1,1,0,0.8834000000000001,94.17
2026-01-09,一汽丰田,1,1,0,0.882,94.1
2026-01-09,惠博普,4,4,0,0.87765,93.88
2026-01-09,邵阳液压,4,4,0,0.8777,93.88
2026-01-09,美国大型石油公司,2,2,0,0.87635,93.82
2026-01-09,云南能投,1,1,0,0.8737999999999999,93.69
2026-01-09,ST新亚,2,2,0,0.8713,93.56
2026-01-09,长沙水业集团有限公司,2,2,0,0.8688500000000001,93.44
2026-01-09,卓创资讯,1,1,0,0.8653,93.26
2026-01-09,新疆能源,3,3,0,0.8649999999999999,93.25
2026-01-09,航天电子,4,4,0,0.864325,93.22
2026-01-09,水业集团,2,2,0,0.8627499999999999,93.14
2026-01-09,中国卫星,1,1,0,0.8622,93.11
2026-01-09,百诚,1,1,0,0.8606999999999999,93.04
2026-01-09,海优新材,1,1,0,0.8603000000000001,93.02
2026-01-09,源通投资,2,2,0,0.8579,92.9
2026-01-09,上海建元股权投资基金合伙企业有限合伙,1,1,0,0.8576,92.88
2026-01-09,ST声迅,1,1,0,0.8563,92.82
2026-01-09,21快讯,2,2,0,0.85475,92.74
2026-01-09,天普欣才,2,2,0,0.84805,92.4
2026-01-09,航天,13,12,1,0.8433769230769231,92.17
2026-01-09,龙口东启,2,2,0,0.8394,91.97
2026-01-09,金源公司,1,1,0,0.8392000000000001,91.96
2026-01-09,中信建投期货,1,1,0,0.8345999999999999,91.73
2026-01-09,上海建元股权投资基金管理合伙企业有限合伙,1,1,0,0.8315,91.58
2026-01-09,佳驰科技,1,1,0,0.8269,91.34
2026-01-09,第一财经,1,1,0,0.8167,90.84
2026-01-09,西部黄金,1,1,0,0.8157,90.79
2026-01-09,吐鲁番金源矿冶有限责任公司,1,1,0,0.8148000000000001,90.74
2026-01-09,航天机电,1,1,0,0.8109999999999999,90.55
2026-01-09,天合光能688599.SH,1,1,0,0.8108,90.54
2026-01-09,超捷股份,1,1,0,0.8046,90.23
2026-01-09,飞沃科技,1,1,0,0.8029000000000001,90.15
2026-01-09,蓝箭航天,40,36,4,0.7968225,89.84
2026-01-09,清源,1,1,0,0.7877,89.38
2026-01-09,中国一重,9,8,1,0.7859,89.3
2026-01-09,金橙子,1,1,0,0.7746,88.73
2026-01-09,Monica,1,1,0,0.7742,88.71
2026-01-09,固德威,2,2,0,0.7690999999999999,88.46
2026-01-09,银邦股份,1,1,0,0.7648,88.24
2026-01-09,清源國際有限公司,1,1,0,0.7537999999999999,87.69
2026-01-09,北京德恒律师事务所,1,1,0,0.7515999999999999,87.58
2026-01-09,雪人集团,1,1,0,0.7306999999999999,86.54
2026-01-09,eta,1,1,0,0.7286,86.43
2026-01-09,财联社,1,1,0,0.7214,86.07
2026-01-09,小米汽车,21,18,3,0.6946142857142857,84.73
2026-01-09,通源,1,1,0,0.6876000000000001,84.38
2026-01-09,优必选,6,5,1,0.67415,83.71
2026-01-09,合畅创业投资有限公司,1,1,0,0.6737000000000001,83.68
2026-01-09,天域,1,1,0,0.6726000000000001,83.63
2026-01-09,新城控股,1,1,0,0.6716,83.58
2026-01-09,万孚,1,1,0,0.6657,83.28
2026-01-09,先导智能,5,4,1,0.6597799999999999,82.99
2026-01-09,万家,6,5,1,0.6594166666666667,82.97
2026-01-09,安徽源通股权投资合伙企业有限合伙简,1,1,0,0.6493000000000001,82.46
2026-01-09,新特能源,6,5,1,0.6370333333333333,81.85
2026-01-09,东方财富,111,89,22,0.6177414414414414,80.89
2026-01-09,通威,6,5,1,0.5813166666666666,79.07
2026-01-09,万孚生物,1,1,0,0.5796,78.98
2026-01-09,中昊芯英,5,4,1,0.5726800000000001,78.63
2026-01-09,小米,66,52,14,0.5701439393939394,78.51
2026-01-09,东方财富网,105,83,22,0.5558723809523809,77.79
2026-01-09,先导,4,3,1,0.5519499999999999,77.6
2026-01-09,协鑫科技,5,4,1,0.5353,76.76
2026-01-09,新泉股份,1,1,0,0.521,76.05
2026-01-09,中际旭创,4,3,1,0.514175,75.71
2026-01-09,赶碳号科技,1,1,0,0.5107,75.54
2026-01-09,协鑫,5,4,1,0.5085,75.42
2026-01-09,福赛科技,1,1,0,0.5006,75.03
2026-01-09,鲁信创投,8,6,2,0.494975,74.75
2026-01-09,光和谦成,7,5,2,0.49488571428571426,74.74
2026-01-09,Manus,4,3,1,0.4908,74.54
2026-01-09,北京中光同合能源科技有限公司,3,2,1,0.44936666666666664,72.47
2026-01-09,天赐材料,3,2,1,0.4326999999999999,71.63
2026-01-09,岩山科技,6,4,2,0.3668833333333333,68.34
2026-01-09,通威股份,3,2,1,0.3527,67.64
2026-01-09,利欧,3,2,1,0.32783333333333337,66.39
2026-01-09,胜通能源,3,2,1,0.3120666666666667,65.6
2026-01-09,中铁五局集团有限公司,3,2,1,0.30043333333333333,65.02
2026-01-09,华尔街,2,1,1,0.2278,61.39
2026-01-09,东方希望,5,3,2,0.21946,60.97
2026-01-09,欣旺达,2,1,1,0.19785000000000003,59.89
2026-01-09,旭升集团,2,1,1,0.18764999999999998,59.38
2026-01-09,锋龙,9,5,4,0.17426666666666668,58.71
2026-01-09,当升科技,2,1,1,0.16060000000000002,58.03
2026-01-09,京东方A,2,1,1,0.14455,57.23
2026-01-09,臻镭科技,2,1,1,0.1387,56.94
2026-01-09,乘联,2,1,1,0.1382,56.91
2026-01-09,天普,14,8,6,0.11051428571428572,55.53
2026-01-09,锋龙股份,6,3,3,0.10475000000000001,55.24
2026-01-09,海格通信,2,1,1,0.08649999999999997,54.32
2026-01-09,牧原股份,2,1,1,0.0378,51.89
2026-01-09,SZ,4,2,2,0.037325000000000025,51.87
2026-01-09,芝商所,4,2,2,0.03597500000000001,51.8
2026-01-09,通威协鑫,2,1,1,0.0343,51.72
2026-01-09,中国平安,2,1,1,0.030500000000000027,51.52
2026-01-09,深交所,2,1,1,0.030399999999999983,51.52
2026-01-09,xAI,12,6,6,0.023833333333333345,51.19
2026-01-09,中铁五局,4,2,2,0.015199999999999991,50.76
2026-01-09,海航,4,2,2,0.010825000000000001,50.54
2026-01-09,马斯克,2,1,1,0.006749999999999923,50.34
2026-01-09,小米公司,2,1,1,0.00030000000000002247,50.02
2026-01-09,天普股份,13,6,7,-0.0229230769230769,48.85
2026-01-09,界面新闻,7,3,4,-0.1671857142857143,41.64
2026-01-09,绿地控股,3,1,2,-0.32916666666666666,33.54
2026-01-09,HighFrequencyEconomics,1,0,1,-0.5239,23.8
2026-01-09,中铁工程设计咨询集团有限公司,1,0,1,-0.5495,22.52
2026-01-09,杰富瑞,1,0,1,-0.5858,20.71
2026-01-09,立讯精密,1,0,1,-0.7275,13.62
2026-01-09,聚石化学,3,0,3,-0.7467333333333334,12.66
2026-01-09,长川科技,1,0,1,-0.7766,11.17
2026-01-09,江苏华实,1,0,1,-0.7868,10.66
2026-01-09,国信期货,1,0,1,-0.8044,9.78
2026-01-09,东证期货,1,0,1,-0.8354,8.23
2026-01-09,新易盛,1,0,1,-0.8673000000000001,6.63
2026-01-09,埃克森美孚,1,0,1,-0.8745999999999999,6.27
2026-01-09,大全能,1,0,1,-0.8875,5.63
2026-01-09,广东聚石化学股份有限公司,1,0,1,-0.8873000000000001,5.63
2026-01-09,城市建设发展有限公司,1,0,1,-0.8966,5.17
2026-01-09,康菲石油,1,0,1,-0.9073,4.64
2026-01-09,天孚通信,1,0,1,-0.9299,3.51
2026-01-09,温氏股份,1,0,1,-0.9425,2.88
2026-01-09,通威协鑫大全新特亚硅,1,0,1,-0.9531999999999999,2.34
2026-01-09,唐人神002567.SZ,1,0,1,-0.9540000000000001,2.3
2026-01-09,天邦食品002124.SZ,1,0,1,-0.9620000000000001,1.9
2026-01-09,EBITDA,1,0,1,-0.99,0.5
2026-01-09,xAI公司,2,0,2,-0.99,0.5
2026-01-09,万通发展,1,0,1,-0.99,0.5
2026-01-09,回盛,1,0,1,-0.99,0.5
2026-01-09,大智慧,1,0,1,-0.99,0.5
2026-01-09,振华新材,1,0,1,-0.99,0.5
2026-01-09,津投城开,1,0,1,-0.99,0.5
2026-01-09,航天晨光,1,0,1,-0.99,0.5
2026-01-09,小米粮食,1,0,1,-0.9992,0.04
2026-01-08,瑞银集团,1,1,0,0.9995999999999999,99.98
2026-01-08,东方财富网,1,1,0,0.9994,99.97
2026-01-08,NDR,1,1,0,0.9991,99.96
2026-01-08,纽约商品交易所,1,1,0,0.9972,99.86
2026-01-08,凯投宏观,2,2,0,0.94505,97.25
2025-12-24,望京博格东方财富网,1,1,0,0.5567,77.83
2025-12-24,望京博格,2,1,1,0.2278,61.39
2025-11-10,东方财富网,1,1,0,0.9845999999999999,99.23
2025-10-23,东方财富网,1,0,1,-0.7151000000000001,14.24
2025-10-23,娃哈哈,1,0,1,-0.995,0.25
2025-10-23,华为,1,0,1,-0.998,0.1
2025-10-23,老干妈,1,0,1,-0.9983,0.09
2025-09-10,深交所,2,2,0,0.99695,99.85
2025-09-10,东方财富,2,2,0,0.78565,89.28
2025-09-10,东方财富网,1,1,0,0.5953,79.76
2025-06-16,东方财富网,1,1,0,0.5291,76.46
2024-03-14,东方财富,2,1,1,-0.0028499999999999637,49.86
2024-03-14,东方财富网,1,0,1,-0.9915999999999999,0.42
2024-03-13,东方财富证券,1,1,0,0.9989,99.94
2024-03-13,东方财富,2,2,0,0.84425,92.21
2024-03-13,东方财富网,1,1,0,0.7426,87.13
